Year,Tier,Country,Region
2007,Tier 1,Australia,Oceania
2007,Tier 1,Austria,Europe
2007,Tier 1,Belgium,Europe
2007,Tier 1,Canada,North America
2007,Tier 1,Colombia,South America
2007,Tier 1,Czech Republic,Europe
2007,Tier 1,Denmark,Europe
2007,Tier 1,Finland,Europe
2007,Tier 1,France,Europe
2007,Tier 1,Georgia,Asia
2007,Tier 1,Germany,Europe
2007,Tier 1,Hong Kong,Asia
2007,Tier 1,Hungary,Europe
2007,Tier 1,Italy,Europe
2007,Tier 1,Lithuania,Europe
2007,Tier 1,Luxembourg,Europe
2007,Tier 1,Malawi,Africa
2007,Tier 1,Morocco,Africa
2007,Tier 1,Netherlands,Europe
2007,Tier 1,New Zealand,Oceania
2007,Tier 1,Norway,Europe
2007,Tier 1,Poland,Europe
2007,Tier 1,Slovenia,Europe
2007,Tier 1,South Korea,Asia
2007,Tier 1,Spain,Europe
2007,Tier 1,Sweden,Europe
2007,Tier 1,Switzerland,Europe
2007,Tier 1,United Kingdom,Europe
2007,Tier 2,Afghanistan,Asia
2007,Tier 2,Albania,Europe
2007,Tier 2,Angola,Africa
2007,Tier 2,Azerbaijan,Asia
2007,Tier 2,Bangladesh,Asia
2007,Tier 2,Belize,North America
2007,Tier 2,Benin,Africa
2007,Tier 2,Bolivia,South America
2007,Tier 2,Bosnia & Herzegovina,Europe
2007,Tier 2,Brazil,South America
2007,Tier 2,Bulgaria,Europe
2007,Tier 2,Burkina Faso,Africa
2007,Tier 2,Cameroon,Africa
2007,Tier 2,Chile,South America
2007,Tier 2,"Congo, Democratic Rep. of",Africa
2007,Tier 2,Costa Rica,North America
2007,Tier 2,Cote d'Ivoire,Africa
2007,Tier 2,Croatia,Europe
2007,Tier 2,Ecuador,South America
2007,Tier 2,El Salvador,North America
2007,Tier 2,Estonia,Europe
2007,Tier 2,Ethiopia,Africa
2007,Tier 2,Gabon,Africa
2007,Tier 2,Ghana,Africa
2007,Tier 2,Greece,Europe
2007,Tier 2,Guinea,Africa
2007,Tier 2,Guinea-Bissau,Africa
2007,Tier 2,Indonesia,Asia
2007,Tier 2,Israel,Asia
2007,Tier 2,Jamaica,North America
2007,Tier 2,Japan,Asia
2007,Tier 2,Jordan,Asia
2007,Tier 2,Kyrgyzstan,Asia
2007,Tier 2,Laos,Asia
2007,Tier 2,Latvia,Europe
2007,Tier 2,Lebanon,Asia
2007,Tier 2,Liberia,Africa
2007,Tier 2,Macedonia,Europe
2007,Tier 2,Madagascar,Africa
2007,Tier 2,Mali,Africa
2007,Tier 2,Malta,Europe
2007,Tier 2,Mauritius,Africa
2007,Tier 2,Mongolia,Asia
2007,Tier 2,Montenegro,Europe
2007,Tier 2,Nepal,Asia
2007,Tier 2,Nicaragua,North America
2007,Tier 2,Niger,Africa
2007,Tier 2,Nigeria,Africa
2007,Tier 2,Pakistan,Asia
2007,Tier 2,Panama,North America
2007,Tier 2,Paraguay,South America
2007,Tier 2,Peru,South America
2007,Tier 2,Philippines,Asia
2007,Tier 2,Portugal,Europe
2007,Tier 2,Romania,Europe
2007,Tier 2,Rwanda,Africa
2007,Tier 2,Senegal,Africa
2007,Tier 2,Serbia,Europe
2007,Tier 2,Sierra Leone,Africa
2007,Tier 2,Singapore,Asia
2007,Tier 2,Slovakia,Europe
2007,Tier 2,Suriname,South America
2007,Tier 2,Taiwan,Asia
2007,Tier 2,Tajikistan,Asia
2007,Tier 2,Tanzania,Africa
2007,Tier 2,Thailand,Asia
2007,Tier 2,Timor-Leste,Asia
2007,Tier 2,Togo,Africa
2007,Tier 2,Turkey,Asia
2007,Tier 2,Uganda,Africa
2007,Tier 2,Uruguay,South America
2007,Tier 2,Vietnam,Asia
2007,Tier 2,Yemen,Asia
2007,Tier 2,Zambia,Africa
2007,Tier 2,Zimbabwe,Africa
2007,Tier 2 Watch List,Argentina,South America
2007,Tier 2 Watch List,Armenia,Asia
2007,Tier 2 Watch List,Belarus,Europe
2007,Tier 2 Watch List,Burundi,Africa
2007,Tier 2 Watch List,Cambodia,Asia
2007,Tier 2 Watch List,Central African Republic,Africa
2007,Tier 2 Watch List,Chad,Africa
2007,Tier 2 Watch List,China,Asia
2007,Tier 2 Watch List,Cyprus,Asia
2007,Tier 2 Watch List,Djibouti,Africa
2007,Tier 2 Watch List,Dominican Republic,North America
2007,Tier 2 Watch List,Egypt,Africa
2007,Tier 2 Watch List,Fiji,Oceania
2007,Tier 2 Watch List,Guatemala,North America
2007,Tier 2 Watch List,Guyana,South America
2007,Tier 2 Watch List,Honduras,North America
2007,Tier 2 Watch List,India,Asia
2007,Tier 2 Watch List,Kazakhstan,Asia
2007,Tier 2 Watch List,Kenya,Africa
2007,Tier 2 Watch List,Libya,Africa
2007,Tier 2 Watch List,Macau,Asia
2007,Tier 2 Watch List,Mauritania,Africa
2007,Tier 2 Watch List,Mexico,North America
2007,Tier 2 Watch List,Moldova,Europe
2007,Tier 2 Watch List,Mozambique,Africa
2007,Tier 2 Watch List,Papua New Guinea,Oceania
2007,Tier 2 Watch List,Russia,Europe
2007,Tier 2 Watch List,South Africa,Africa
2007,Tier 2 Watch List,Sri Lanka,Asia
2007,Tier 2 Watch List,The Gambia,Africa
2007,Tier 2 Watch List,Ukraine,Europe
2007,Tier 2 Watch List,United Arab Emirates,Asia
2007,Tier 3,Algeria,Africa
2007,Tier 3,Bahrain,Asia
2007,Tier 3,Burma,Asia
2007,Tier 3,Cuba,North America
2007,Tier 3,Equatorial Guinea,Africa
2007,Tier 3,Iran,Asia
2007,Tier 3,Kuwait,Asia
2007,Tier 3,Malaysia,Asia
2007,Tier 3,North Korea,Asia
2007,Tier 3,Oman,Asia
2007,Tier 3,Qatar,Asia
2007,Tier 3,Saudi Arabia,Asia
2007,Tier 3,Sudan,Africa
2007,Tier 3,Syria,Asia
2007,Tier 3,Uzbekistan,Asia
2007,Tier 3,Venezuela,South America
2008,Tier 1,Australia,Oceania
2008,Tier 1,Austria,Europe
2008,Tier 1,Belgium,Europe
2008,Tier 1,Canada,North America
2008,Tier 1,Colombia,South America
2008,Tier 1,Croatia,Europe
2008,Tier 1,Czech Republic,Europe
2008,Tier 1,Denmark,Europe
2008,Tier 1,Finland,Europe
2008,Tier 1,France,Europe
2008,Tier 1,Georgia,Asia
2008,Tier 1,Germany,Europe
2008,Tier 1,Hong Kong,Asia
2008,Tier 1,Hungary,Europe
2008,Tier 1,Italy,Europe
2008,Tier 1,Lithuania,Europe
2008,Tier 1,Luxembourg,Europe
2008,Tier 1,Macedonia,Europe
2008,Tier 1,Madagascar,Africa
2008,Tier 1,Netherlands,Europe
2008,Tier 1,New Zealand,Oceania
2008,Tier 1,Norway,Europe
2008,Tier 1,Poland,Europe
2008,Tier 1,Slovenia,Europe
2008,Tier 1,South Korea,Asia
2008,Tier 1,Spain,Europe
2008,Tier 1,Sweden,Europe
2008,Tier 1,Switzerland,Europe
2008,Tier 1,United Kingdom,Europe
2008,Tier 2,Afghanistan,Asia
2008,Tier 2,Angola,Africa
2008,Tier 2,Bangladesh,Asia
2008,Tier 2,Belarus,Europe
2008,Tier 2,Belize,North America
2008,Tier 2,Benin,Africa
2008,Tier 2,Bolivia,South America
2008,Tier 2,Bosnia & Herzegovina,Europe
2008,Tier 2,Brazil,South America
2008,Tier 2,Bulgaria,Europe
2008,Tier 2,Burkina Faso,Africa
2008,Tier 2,Cambodia,Asia
2008,Tier 2,Chile,South America
2008,Tier 2,Djibouti,Africa
2008,Tier 2,Ecuador,South America
2008,Tier 2,El Salvador,North America
2008,Tier 2,Estonia,Europe
2008,Tier 2,Ethiopia,Africa
2008,Tier 2,Ghana,Africa
2008,Tier 2,Greece,Europe
2008,Tier 2,Honduras,North America
2008,Tier 2,Indonesia,Asia
2008,Tier 2,Ireland,Europe
2008,Tier 2,Israel,Asia
2008,Tier 2,Jamaica,North America
2008,Tier 2,Japan,Asia
2008,Tier 2,Kazakhstan,Asia
2008,Tier 2,Kenya,Africa
2008,Tier 2,Kyrgyzstan,Asia
2008,Tier 2,Laos,Asia
2008,Tier 2,Latvia,Europe
2008,Tier 2,Lebanon,Asia
2008,Tier 2,Liberia,Africa
2008,Tier 2,Macau,Asia
2008,Tier 2,Malawi,Africa
2008,Tier 2,Mali,Africa
2008,Tier 2,Malta,Europe
2008,Tier 2,Mauritania,Africa
2008,Tier 2,Mauritius,Africa
2008,Tier 2,Mexico,North America
2008,Tier 2,Mongolia,Asia
2008,Tier 2,Morocco,Africa
2008,Tier 2,Nepal,Asia
2008,Tier 2,Nicaragua,North America
2008,Tier 2,Nigeria,Africa
2008,Tier 2,Pakistan,Asia
2008,Tier 2,Paraguay,South America
2008,Tier 2,Peru,South America
2008,Tier 2,Philippines,Asia
2008,Tier 2,Portugal,Europe
2008,Tier 2,Romania,Europe
2008,Tier 2,Rwanda,Africa
2008,Tier 2,Senegal,Africa
2008,Tier 2,Serbia,Europe
2008,Tier 2,Sierra Leone,Africa
2008,Tier 2,Singapore,Asia
2008,Tier 2,Slovakia,Europe
2008,Tier 2,Suriname,South America
2008,Tier 2,Taiwan,Asia
2008,Tier 2,Tanzania,Africa
2008,Tier 2,Thailand,Asia
2008,Tier 2,Timor-Leste,Asia
2008,Tier 2,Togo,Africa
2008,Tier 2,Turkey,Asia
2008,Tier 2,Uganda,Africa
2008,Tier 2,Ukraine,Europe
2008,Tier 2,United Arab Emirates,Asia
2008,Tier 2,Uruguay,South America
2008,Tier 2,Vietnam,Asia
2008,Tier 2,Yemen,Asia
2008,Tier 2 Watch List,Albania,Europe
2008,Tier 2 Watch List,Argentina,South America
2008,Tier 2 Watch List,Armenia,Asia
2008,Tier 2 Watch List,Azerbaijan,Asia
2008,Tier 2 Watch List,Bahrain,Asia
2008,Tier 2 Watch List,Burundi,Africa
2008,Tier 2 Watch List,Cameroon,Africa
2008,Tier 2 Watch List,Central African Republic,Africa
2008,Tier 2 Watch List,Chad,Africa
2008,Tier 2 Watch List,China,Asia
2008,Tier 2 Watch List,"Congo, Democratic Rep. of",Africa
2008,Tier 2 Watch List,"Congo, Republic of",Africa
2008,Tier 2 Watch List,Costa Rica,North America
2008,Tier 2 Watch List,Cote d'Ivoire,Africa
2008,Tier 2 Watch List,Cyprus,Asia
2008,Tier 2 Watch List,Dominican Republic,North America
2008,Tier 2 Watch List,Egypt,Africa
2008,Tier 2 Watch List,Equatorial Guinea,Africa
2008,Tier 2 Watch List,Gabon,Africa
2008,Tier 2 Watch List,Guatemala,North America
2008,Tier 2 Watch List,Guinea,Africa
2008,Tier 2 Watch List,Guinea-Bissau,Africa
2008,Tier 2 Watch List,Guyana,South America
2008,Tier 2 Watch List,India,Asia
2008,Tier 2 Watch List,Jordan,Asia
2008,Tier 2 Watch List,Libya,Africa
2008,Tier 2 Watch List,Malaysia,Asia
2008,Tier 2 Watch List,Montenegro,Europe
2008,Tier 2 Watch List,Mozambique,Africa
2008,Tier 2 Watch List,Niger,Africa
2008,Tier 2 Watch List,Panama,North America
2008,Tier 2 Watch List,Russia,Europe
2008,Tier 2 Watch List,South Africa,Africa
2008,Tier 2 Watch List,Sri Lanka,Asia
2008,Tier 2 Watch List,Tajikistan,Asia
2008,Tier 2 Watch List,The Gambia,Africa
2008,Tier 2 Watch List,Uzbekistan,Asia
2008,Tier 2 Watch List,Venezuela,South America
2008,Tier 2 Watch List,Zambia,Africa
2008,Tier 2 Watch List,Zimbabwe,Africa
2008,Tier 3,Algeria,Africa
2008,Tier 3,Burma,Asia
2008,Tier 3,Cuba,North America
2008,Tier 3,Fiji,Oceania
2008,Tier 3,Iran,Asia
2008,Tier 3,Kuwait,Asia
2008,Tier 3,Moldova,Europe
2008,Tier 3,North Korea,Asia
2008,Tier 3,Oman,Asia
2008,Tier 3,Papua New Guinea,Oceania
2008,Tier 3,Qatar,Asia
2008,Tier 3,Saudi Arabia,Asia
2008,Tier 3,Sudan,Africa
2008,Tier 3,Syria,Asia
2009,Tier 1,Australia,Oceania
2009,Tier 1,Austria,Europe
2009,Tier 1,Belgium,Europe
2009,Tier 1,Canada,North America
2009,Tier 1,Colombia,South America
2009,Tier 1,Croatia,Europe
2009,Tier 1,Czech Republic,Europe
2009,Tier 1,Denmark,Europe
2009,Tier 1,Finland,Europe
2009,Tier 1,France,Europe
2009,Tier 1,Georgia,Asia
2009,Tier 1,Germany,Europe
2009,Tier 1,Italy,Europe
2009,Tier 1,Lithuania,Europe
2009,Tier 1,Luxembourg,Europe
2009,Tier 1,Macedonia,Europe
2009,Tier 1,Mauritius,Africa
2009,Tier 1,Netherlands,Europe
2009,Tier 1,New Zealand,Oceania
2009,Tier 1,Nigeria,Africa
2009,Tier 1,Norway,Europe
2009,Tier 1,Poland,Europe
2009,Tier 1,Slovenia,Europe
2009,Tier 1,South Korea,Asia
2009,Tier 1,Spain,Europe
2009,Tier 1,Sweden,Europe
2009,Tier 1,Switzerland,Europe
2009,Tier 1,United Kingdom,Europe
2009,Tier 2,Afghanistan,Asia
2009,Tier 2,Albania,Europe
2009,Tier 2,Antigua & Barbuda,North America
2009,Tier 2,Armenia,Asia
2009,Tier 2,Barbados,North America
2009,Tier 2,Belarus,Europe
2009,Tier 2,Benin,Africa
2009,Tier 2,Bolivia,South America
2009,Tier 2,Bosnia & Herzegovina,Europe
2009,Tier 2,Botswana,Africa
2009,Tier 2,Brazil,South America
2009,Tier 2,Brunei,Asia
2009,Tier 2,Bulgaria,Europe
2009,Tier 2,Burkina Faso,Africa
2009,Tier 2,Chile,South America
2009,Tier 2,Costa Rica,North America
2009,Tier 2,Cyprus,Asia
2009,Tier 2,Ecuador,South America
2009,Tier 2,El Salvador,North America
2009,Tier 2,Estonia,Europe
2009,Tier 2,Ethiopia,Africa
2009,Tier 2,Greece,Europe
2009,Tier 2,Honduras,North America
2009,Tier 2,Hong Kong,Asia
2009,Tier 2,Hungary,Europe
2009,Tier 2,Iceland,Europe
2009,Tier 2,Indonesia,Asia
2009,Tier 2,Ireland,Europe
2009,Tier 2,Israel,Asia
2009,Tier 2,Jamaica,North America
2009,Tier 2,Japan,Asia
2009,Tier 2,Jordan,Asia
2009,Tier 2,Kazakhstan,Asia
2009,Tier 2,Kenya,Africa
2009,Tier 2,Kosovo,Europe
2009,Tier 2,Kyrgyzstan,Asia
2009,Tier 2,Laos,Asia
2009,Tier 2,Liberia,Africa
2009,Tier 2,Macau,Asia
2009,Tier 2,Madagascar,Africa
2009,Tier 2,Malawi,Africa
2009,Tier 2,Maldives,Asia
2009,Tier 2,Malta,Europe
2009,Tier 2,Mexico,North America
2009,Tier 2,Mongolia,Asia
2009,Tier 2,Morocco,Africa
2009,Tier 2,Mozambique,Africa
2009,Tier 2,Namibia,Africa
2009,Tier 2,Nepal,Asia
2009,Tier 2,Oman,Asia
2009,Tier 2,Palau,Oceania
2009,Tier 2,Panama,North America
2009,Tier 2,Paraguay,South America
2009,Tier 2,Peru,South America
2009,Tier 2,Portugal,Europe
2009,Tier 2,Romania,Europe
2009,Tier 2,Rwanda,Africa
2009,Tier 2,Serbia,Europe
2009,Tier 2,Sierra Leone,Africa
2009,Tier 2,Singapore,Asia
2009,Tier 2,Slovakia,Europe
2009,Tier 2,South Africa,Africa
2009,Tier 2,Suriname,South America
2009,Tier 2,Taiwan,Asia
2009,Tier 2,Tanzania,Africa
2009,Tier 2,Thailand,Asia
2009,Tier 2,The Bahamas,North America
2009,Tier 2,The Gambia,Africa
2009,Tier 2,Timor-Leste,Asia
2009,Tier 2,Togo,Africa
2009,Tier 2,Trinidad & Tobago,North America
2009,Tier 2,Turkey,Asia
2009,Tier 2,Uganda,Africa
2009,Tier 2,Uruguay,South America
2009,Tier 2,Vietnam,Asia
2009,Tier 2,Zambia,Africa
2009,Tier 2 Watch List,Algeria,Africa
2009,Tier 2 Watch List,Angola,Africa
2009,Tier 2 Watch List,Argentina,South America
2009,Tier 2 Watch List,Azerbaijan,Asia
2009,Tier 2 Watch List,Bahrain,Asia
2009,Tier 2 Watch List,Bangladesh,Asia
2009,Tier 2 Watch List,Belize,North America
2009,Tier 2 Watch List,Burundi,Africa
2009,Tier 2 Watch List,Cambodia,Asia
2009,Tier 2 Watch List,Cameroon,Africa
2009,Tier 2 Watch List,Central African Republic,Africa
2009,Tier 2 Watch List,China,Asia
2009,Tier 2 Watch List,"Congo, Democratic Rep. of",Africa
2009,Tier 2 Watch List,"Congo, Republic of",Africa
2009,Tier 2 Watch List,Cote d'Ivoire,Africa
2009,Tier 2 Watch List,Djibouti,Africa
2009,Tier 2 Watch List,Dominican Republic,North America
2009,Tier 2 Watch List,Egypt,Africa
2009,Tier 2 Watch List,Equatorial Guinea,Africa
2009,Tier 2 Watch List,Gabon,Africa
2009,Tier 2 Watch List,Ghana,Africa
2009,Tier 2 Watch List,Guatemala,North America
2009,Tier 2 Watch List,Guinea,Africa
2009,Tier 2 Watch List,Guinea-Bissau,Africa
2009,Tier 2 Watch List,Guyana,South America
2009,Tier 2 Watch List,India,Asia
2009,Tier 2 Watch List,Iraq,Asia
2009,Tier 2 Watch List,Latvia,Europe
2009,Tier 2 Watch List,Lebanon,Asia
2009,Tier 2 Watch List,Lesotho,Africa
2009,Tier 2 Watch List,Libya,Africa
2009,Tier 2 Watch List,Mali,Africa
2009,Tier 2 Watch List,Micronesia,Oceania
2009,Tier 2 Watch List,Moldova,Europe
2009,Tier 2 Watch List,Montenegro,Europe
2009,Tier 2 Watch List,Netherlands Antilles,North America
2009,Tier 2 Watch List,Nicaragua,North America
2009,Tier 2 Watch List,Pakistan,Asia
2009,Tier 2 Watch List,Philippines,Asia
2009,Tier 2 Watch List,Qatar,Asia
2009,Tier 2 Watch List,Russia,Europe
2009,Tier 2 Watch List,Senegal,Africa
2009,Tier 2 Watch List,Sri Lanka,Asia
2009,Tier 2 Watch List,St. Vincent & The Grenadines,North America
2009,Tier 2 Watch List,Tajikistan,Asia
2009,Tier 2 Watch List,Tunisia,Africa
2009,Tier 2 Watch List,Turkmenistan,Asia
2009,Tier 2 Watch List,Ukraine,Europe
2009,Tier 2 Watch List,United Arab Emirates,Asia
2009,Tier 2 Watch List,Uzbekistan,Asia
2009,Tier 2 Watch List,Venezuela,South America
2009,Tier 2 Watch List,Yemen,Asia
2009,Tier 3,Burma,Asia
2009,Tier 3,Chad,Africa
2009,Tier 3,Cuba,North America
2009,Tier 3,Eritrea,Africa
2009,Tier 3,Fiji,Oceania
2009,Tier 3,Iran,Asia
2009,Tier 3,Kuwait,Asia
2009,Tier 3,Malaysia,Asia
2009,Tier 3,Mauritania,Africa
2009,Tier 3,Niger,Africa
2009,Tier 3,North Korea,Asia
2009,Tier 3,Papua New Guinea,Oceania
2009,Tier 3,Saudi Arabia,Asia
2009,Tier 3,Sudan,Africa
2009,Tier 3,Swaziland,Africa
2009,Tier 3,Syria,Asia
2009,Tier 3,Zimbabwe,Africa
2010,Special Case,Haiti,North America
2010,Special Case,Somalia,Africa
2010,Tier 1,Australia,Oceania
2010,Tier 1,Austria,Europe
2010,Tier 1,Belgium,Europe
2010,Tier 1,Bosnia & Herzegovina,Europe
2010,Tier 1,Canada,North America
2010,Tier 1,Colombia,South America
2010,Tier 1,Croatia,Europe
2010,Tier 1,Czech Republic,Europe
2010,Tier 1,Denmark,Europe
2010,Tier 1,Finland,Europe
2010,Tier 1,France,Europe
2010,Tier 1,Georgia,Asia
2010,Tier 1,Germany,Europe
2010,Tier 1,Ireland,Europe
2010,Tier 1,Italy,Europe
2010,Tier 1,Lithuania,Europe
2010,Tier 1,Luxembourg,Europe
2010,Tier 1,Mauritius,Africa
2010,Tier 1,Netherlands,Europe
2010,Tier 1,New Zealand,Oceania
2010,Tier 1,Nigeria,Africa
2010,Tier 1,Norway,Europe
2010,Tier 1,Poland,Europe
2010,Tier 1,Slovenia,Europe
2010,Tier 1,South Korea,Asia
2010,Tier 1,Spain,Europe
2010,Tier 1,Sweden,Europe
2010,Tier 1,Taiwan,Asia
2010,Tier 1,United Kingdom,Europe
2010,Tier 1,United States of America,North America
2010,Tier 2,Albania,Europe
2010,Tier 2,Angola,Africa
2010,Tier 2,Antigua & Barbuda,North America
2010,Tier 2,Argentina,South America
2010,Tier 2,Armenia,Asia
2010,Tier 2,Bahrain,Asia
2010,Tier 2,Belarus,Europe
2010,Tier 2,Benin,Africa
2010,Tier 2,Bolivia,South America
2010,Tier 2,Botswana,Africa
2010,Tier 2,Brazil,South America
2010,Tier 2,Bulgaria,Europe
2010,Tier 2,Burkina Faso,Africa
2010,Tier 2,Burundi,Africa
2010,Tier 2,Cambodia,Asia
2010,Tier 2,Chile,South America
2010,Tier 2,Costa Rica,North America
2010,Tier 2,Cyprus,Asia
2010,Tier 2,Djibouti,Africa
2010,Tier 2,Ecuador,South America
2010,Tier 2,Egypt,Africa
2010,Tier 2,El Salvador,North America
2010,Tier 2,Estonia,Europe
2010,Tier 2,Ethiopia,Africa
2010,Tier 2,Ghana,Africa
2010,Tier 2,Greece,Europe
2010,Tier 2,Honduras,North America
2010,Tier 2,Hong Kong,Asia
2010,Tier 2,Hungary,Europe
2010,Tier 2,Iceland,Europe
2010,Tier 2,Indonesia,Asia
2010,Tier 2,Israel,Asia
2010,Tier 2,Jamaica,North America
2010,Tier 2,Japan,Asia
2010,Tier 2,Jordan,Asia
2010,Tier 2,Kenya,Africa
2010,Tier 2,Kosovo,Europe
2010,Tier 2,Kyrgyzstan,Asia
2010,Tier 2,Latvia,Europe
2010,Tier 2,Liberia,Africa
2010,Tier 2,Macau,Asia
2010,Tier 2,Macedonia,Europe
2010,Tier 2,Malawi,Africa
2010,Tier 2,Mexico,North America
2010,Tier 2,Mongolia,Asia
2010,Tier 2,Montenegro,Europe
2010,Tier 2,Morocco,Africa
2010,Tier 2,Namibia,Africa
2010,Tier 2,Nepal,Asia
2010,Tier 2,Netherlands Antilles,North America
2010,Tier 2,Oman,Asia
2010,Tier 2,Pakistan,Asia
2010,Tier 2,Palau,Oceania
2010,Tier 2,Paraguay,South America
2010,Tier 2,Peru,South America
2010,Tier 2,Portugal,Europe
2010,Tier 2,Romania,Europe
2010,Tier 2,Rwanda,Africa
2010,Tier 2,Serbia,Europe
2010,Tier 2,Sierra Leone,Africa
2010,Tier 2,Slovakia,Europe
2010,Tier 2,South Africa,Africa
2010,Tier 2,Suriname,South America
2010,Tier 2,Switzerland,Europe
2010,Tier 2,The Bahamas,North America
2010,Tier 2,The Gambia,Africa
2010,Tier 2,Timor-Leste,Asia
2010,Tier 2,Togo,Africa
2010,Tier 2,Turkey,Asia
2010,Tier 2,Uganda,Africa
2010,Tier 2,Ukraine,Europe
2010,Tier 2,United Arab Emirates,Asia
2010,Tier 2,Uruguay,South America
2010,Tier 2,Zambia,Africa
2010,Tier 2 Watch List,Afghanistan,Asia
2010,Tier 2 Watch List,Algeria,Africa
2010,Tier 2 Watch List,Azerbaijan,Asia
2010,Tier 2 Watch List,Bangladesh,Asia
2010,Tier 2 Watch List,Barbados,North America
2010,Tier 2 Watch List,Belize,North America
2010,Tier 2 Watch List,Brunei,Asia
2010,Tier 2 Watch List,Cameroon,Africa
2010,Tier 2 Watch List,Central African Republic,Africa
2010,Tier 2 Watch List,Chad,Africa
2010,Tier 2 Watch List,China,Asia
2010,Tier 2 Watch List,"Congo, Republic of",Africa
2010,Tier 2 Watch List,Cote d'Ivoire,Africa
2010,Tier 2 Watch List,Equatorial Guinea,Africa
2010,Tier 2 Watch List,Fiji,Oceania
2010,Tier 2 Watch List,Gabon,Africa
2010,Tier 2 Watch List,Guatemala,North America
2010,Tier 2 Watch List,Guinea,Africa
2010,Tier 2 Watch List,Guinea-Bissau,Africa
2010,Tier 2 Watch List,Guyana,South America
2010,Tier 2 Watch List,India,Asia
2010,Tier 2 Watch List,Iraq,Asia
2010,Tier 2 Watch List,Kazakhstan,Asia
2010,Tier 2 Watch List,Laos,Asia
2010,Tier 2 Watch List,Lebanon,Asia
2010,Tier 2 Watch List,Lesotho,Africa
2010,Tier 2 Watch List,Libya,Africa
2010,Tier 2 Watch List,Madagascar,Africa
2010,Tier 2 Watch List,Malaysia,Asia
2010,Tier 2 Watch List,Maldives,Asia
2010,Tier 2 Watch List,Mali,Africa
2010,Tier 2 Watch List,Malta,Europe
2010,Tier 2 Watch List,Micronesia,Oceania
2010,Tier 2 Watch List,Moldova,Europe
2010,Tier 2 Watch List,Mozambique,Africa
2010,Tier 2 Watch List,Nicaragua,North America
2010,Tier 2 Watch List,Niger,Africa
2010,Tier 2 Watch List,Panama,North America
2010,Tier 2 Watch List,Philippines,Asia
2010,Tier 2 Watch List,Qatar,Asia
2010,Tier 2 Watch List,Russia,Europe
2010,Tier 2 Watch List,Senegal,Africa
2010,Tier 2 Watch List,Singapore,Asia
2010,Tier 2 Watch List,Sri Lanka,Asia
2010,Tier 2 Watch List,St. Vincent & The Grenadines,North America
2010,Tier 2 Watch List,Swaziland,Africa
2010,Tier 2 Watch List,Syria,Asia
2010,Tier 2 Watch List,Tajikistan,Asia
2010,Tier 2 Watch List,Tanzania,Africa
2010,Tier 2 Watch List,Thailand,Asia
2010,Tier 2 Watch List,Trinidad & Tobago,North America
2010,Tier 2 Watch List,Tunisia,Africa
2010,Tier 2 Watch List,Turkmenistan,Asia
2010,Tier 2 Watch List,Uzbekistan,Asia
2010,Tier 2 Watch List,Venezuela,South America
2010,Tier 2 Watch List,Vietnam,Asia
2010,Tier 2 Watch List,Yemen,Asia
2010,Tier 3,Burma,Asia
2010,Tier 3,"Congo, Democratic Rep. of",Africa
2010,Tier 3,Cuba,North America
2010,Tier 3,Dominican Republic,North America
2010,Tier 3,Eritrea,Africa
2010,Tier 3,Iran,Asia
2010,Tier 3,Kuwait,Asia
2010,Tier 3,Mauritania,Africa
2010,Tier 3,North Korea,Asia
2010,Tier 3,Papua New Guinea,Oceania
2010,Tier 3,Saudi Arabia,Asia
2010,Tier 3,Sudan,Africa
2010,Tier 3,Zimbabwe,Africa
2011,Special Case,Cote d'Ivoire,Africa
2011,Special Case,Haiti,North America
2011,Special Case,Somalia,Africa
2011,Tier 1,Australia,Oceania
2011,Tier 1,Austria,Europe
2011,Tier 1,Belgium,Europe
2011,Tier 1,Bosnia & Herzegovina,Europe
2011,Tier 1,Canada,North America
2011,Tier 1,Colombia,South America
2011,Tier 1,Croatia,Europe
2011,Tier 1,Denmark,Europe
2011,Tier 1,Finland,Europe
2011,Tier 1,France,Europe
2011,Tier 1,Georgia,Asia
2011,Tier 1,Germany,Europe
2011,Tier 1,Ireland,Europe
2011,Tier 1,Italy,Europe
2011,Tier 1,Lithuania,Europe
2011,Tier 1,Luxembourg,Europe
2011,Tier 1,Macedonia,Europe
2011,Tier 1,Mauritius,Africa
2011,Tier 1,Netherlands,Europe
2011,Tier 1,New Zealand,Oceania
2011,Tier 1,Nigeria,Africa
2011,Tier 1,Norway,Europe
2011,Tier 1,Poland,Europe
2011,Tier 1,Portugal,Europe
2011,Tier 1,Slovakia,Europe
2011,Tier 1,Slovenia,Europe
2011,Tier 1,South Korea,Asia
2011,Tier 1,Spain,Europe
2011,Tier 1,Sweden,Europe
2011,Tier 1,Taiwan,Asia
2011,Tier 1,United Kingdom,Europe
2011,Tier 1,United States of America,North America
2011,Tier 2,Albania,Europe
2011,Tier 2,Antigua & Barbuda,North America
2011,Tier 2,Argentina,South America
2011,Tier 2,Armenia,Asia
2011,Tier 2,Aruba,North America
2011,Tier 2,Bahrain,Asia
2011,Tier 2,Belize,North America
2011,Tier 2,Benin,Africa
2011,Tier 2,Bolivia,South America
2011,Tier 2,Botswana,Africa
2011,Tier 2,Brazil,South America
2011,Tier 2,Bulgaria,Europe
2011,Tier 2,Burkina Faso,Africa
2011,Tier 2,Cambodia,Asia
2011,Tier 2,Chile,South America
2011,Tier 2,Czech Republic,Europe
2011,Tier 2,Djibouti,Africa
2011,Tier 2,Egypt,Africa
2011,Tier 2,El Salvador,North America
2011,Tier 2,Ethiopia,Africa
2011,Tier 2,Fiji,Oceania
2011,Tier 2,Gabon,Africa
2011,Tier 2,Ghana,Africa
2011,Tier 2,Greece,Europe
2011,Tier 2,Guatemala,North America
2011,Tier 2,Guyana,South America
2011,Tier 2,Honduras,North America
2011,Tier 2,Hong Kong,Asia
2011,Tier 2,Hungary,Europe
2011,Tier 2,Iceland,Europe
2011,Tier 2,India,Asia
2011,Tier 2,Indonesia,Asia
2011,Tier 2,Israel,Asia
2011,Tier 2,Jamaica,North America
2011,Tier 2,Japan,Asia
2011,Tier 2,Jordan,Asia
2011,Tier 2,Kazakhstan,Asia
2011,Tier 2,Kenya,Africa
2011,Tier 2,Kosovo,Europe
2011,Tier 2,Kyrgyzstan,Asia
2011,Tier 2,Laos,Asia
2011,Tier 2,Latvia,Europe
2011,Tier 2,Lesotho,Africa
2011,Tier 2,Macau,Asia
2011,Tier 2,Malawi,Africa
2011,Tier 2,Marshall Islands,Oceania
2011,Tier 2,Mexico,North America
2011,Tier 2,Moldova,Europe
2011,Tier 2,Mongolia,Asia
2011,Tier 2,Montenegro,Europe
2011,Tier 2,Morocco,Africa
2011,Tier 2,Mozambique,Africa
2011,Tier 2,Namibia,Africa
2011,Tier 2,Nepal,Asia
2011,Tier 2,Nicaragua,North America
2011,Tier 2,Oman,Asia
2011,Tier 2,Pakistan,Asia
2011,Tier 2,Palau,Oceania
2011,Tier 2,Paraguay,South America
2011,Tier 2,Peru,South America
2011,Tier 2,Philippines,Asia
2011,Tier 2,Romania,Europe
2011,Tier 2,Rwanda,Africa
2011,Tier 2,Senegal,Africa
2011,Tier 2,Serbia,Europe
2011,Tier 2,Seychelles,Africa
2011,Tier 2,Sierra Leone,Africa
2011,Tier 2,Singapore,Asia
2011,Tier 2,South Africa,Africa
2011,Tier 2,Sri Lanka,Asia
2011,Tier 2,St. Lucia,North America
2011,Tier 2,Suriname,South America
2011,Tier 2,Swaziland,Africa
2011,Tier 2,Switzerland,Europe
2011,Tier 2,Tajikistan,Asia
2011,Tier 2,Timor-Leste,Asia
2011,Tier 2,Togo,Africa
2011,Tier 2,Tonga,Oceania
2011,Tier 2,Trinidad & Tobago,North America
2011,Tier 2,Turkey,Asia
2011,Tier 2,Uganda,Africa
2011,Tier 2,Ukraine,Europe
2011,Tier 2,United Arab Emirates,Asia
2011,Tier 2,Uruguay,South America
2011,Tier 2,Zambia,Africa
2011,Tier 2 Watch List,Afghanistan,Asia
2011,Tier 2 Watch List,Angola,Africa
2011,Tier 2 Watch List,Azerbaijan,Asia
2011,Tier 2 Watch List,Bangladesh,Asia
2011,Tier 2 Watch List,Barbados,North America
2011,Tier 2 Watch List,Belarus,Europe
2011,Tier 2 Watch List,Brunei,Asia
2011,Tier 2 Watch List,Burundi,Africa
2011,Tier 2 Watch List,Cameroon,Africa
2011,Tier 2 Watch List,Chad,Africa
2011,Tier 2 Watch List,China,Asia
2011,Tier 2 Watch List,Comoros,Africa
2011,Tier 2 Watch List,"Congo, Republic of",Africa
2011,Tier 2 Watch List,Costa Rica,North America
2011,Tier 2 Watch List,Curacao,North America
2011,Tier 2 Watch List,Cyprus,Asia
2011,Tier 2 Watch List,Dominican Republic,North America
2011,Tier 2 Watch List,Ecuador,South America
2011,Tier 2 Watch List,Estonia,Europe
2011,Tier 2 Watch List,Guinea,Africa
2011,Tier 2 Watch List,Iraq,Asia
2011,Tier 2 Watch List,Kiribati,Oceania
2011,Tier 2 Watch List,Liberia,Africa
2011,Tier 2 Watch List,Malaysia,Asia
2011,Tier 2 Watch List,Maldives,Asia
2011,Tier 2 Watch List,Mali,Africa
2011,Tier 2 Watch List,Malta,Europe
2011,Tier 2 Watch List,Niger,Africa
2011,Tier 2 Watch List,Panama,North America
2011,Tier 2 Watch List,Qatar,Asia
2011,Tier 2 Watch List,Russia,Europe
2011,Tier 2 Watch List,Solomon Islands,Oceania
2011,Tier 2 Watch List,St. Vincent & The Grenadines,North America
2011,Tier 2 Watch List,Syria,Asia
2011,Tier 2 Watch List,Tanzania,Africa
2011,Tier 2 Watch List,Thailand,Asia
2011,Tier 2 Watch List,The Bahamas,North America
2011,Tier 2 Watch List,The Gambia,Africa
2011,Tier 2 Watch List,Tunisia,Africa
2011,Tier 2 Watch List,Uzbekistan,Asia
2011,Tier 2 Watch List,Vietnam,Asia
2011,Tier 3,Algeria,Africa
2011,Tier 3,Burma,Asia
2011,Tier 3,Central African Republic,Africa
2011,Tier 3,"Congo, Democratic Rep. of",Africa
2011,Tier 3,Cuba,North America
2011,Tier 3,Equatorial Guinea,Africa
2011,Tier 3,Eritrea,Africa
2011,Tier 3,Guinea-Bissau,Africa
2011,Tier 3,Iran,Asia
2011,Tier 3,Kuwait,Asia
2011,Tier 3,Lebanon,Asia
2011,Tier 3,Libya,Africa
2011,Tier 3,Madagascar,Africa
2011,Tier 3,Mauritania,Africa
2011,Tier 3,Micronesia,Oceania
2011,Tier 3,North Korea,Asia
2011,Tier 3,Papua New Guinea,Oceania
2011,Tier 3,Saudi Arabia,Asia
2011,Tier 3,Sudan,Africa
2011,Tier 3,Turkmenistan,Asia
2011,Tier 3,Venezuela,South America
2011,Tier 3,Yemen,Asia
2011,Tier 3,Zimbabwe,Africa
2012,Special Case,Somalia,Africa
2012,Tier 1,Australia,Oceania
2012,Tier 1,Austria,Europe
2012,Tier 1,Belgium,Europe
2012,Tier 1,Canada,North America
2012,Tier 1,Colombia,South America
2012,Tier 1,Croatia,Europe
2012,Tier 1,Czech Republic,Europe
2012,Tier 1,Denmark,Europe
2012,Tier 1,Finland,Europe
2012,Tier 1,France,Europe
2012,Tier 1,Georgia,Asia
2012,Tier 1,Germany,Europe
2012,Tier 1,Iceland,Europe
2012,Tier 1,Ireland,Europe
2012,Tier 1,Israel,Asia
2012,Tier 1,Italy,Europe
2012,Tier 1,Lithuania,Europe
2012,Tier 1,Luxembourg,Europe
2012,Tier 1,Macedonia,Europe
2012,Tier 1,Mauritius,Africa
2012,Tier 1,Netherlands,Europe
2012,Tier 1,New Zealand,Oceania
2012,Tier 1,Nicaragua,North America
2012,Tier 1,Norway,Europe
2012,Tier 1,Poland,Europe
2012,Tier 1,Slovakia,Europe
2012,Tier 1,Slovenia,Europe
2012,Tier 1,South Korea,Asia
2012,Tier 1,Spain,Europe
2012,Tier 1,Sweden,Europe
2012,Tier 1,Taiwan,Asia
2012,Tier 1,United Kingdom,Europe
2012,Tier 1,United States of America,North America
2012,Tier 2,Albania,Europe
2012,Tier 2,Antigua & Barbuda,North America
2012,Tier 2,Argentina,South America
2012,Tier 2,Armenia,Asia
2012,Tier 2,Aruba,North America
2012,Tier 2,Bangladesh,Asia
2012,Tier 2,Belize,North America
2012,Tier 2,Benin,Africa
2012,Tier 2,Bolivia,South America
2012,Tier 2,Bosnia & Herzegovina,Europe
2012,Tier 2,Botswana,Africa
2012,Tier 2,Brazil,South America
2012,Tier 2,Brunei,Asia
2012,Tier 2,Bulgaria,Europe
2012,Tier 2,Burkina Faso,Africa
2012,Tier 2,Cabo Verde,Africa
2012,Tier 2,Cambodia,Asia
2012,Tier 2,Cameroon,Africa
2012,Tier 2,Chile,South America
2012,Tier 2,Costa Rica,North America
2012,Tier 2,Cote d'Ivoire,Africa
2012,Tier 2,Curacao,North America
2012,Tier 2,Dominican Republic,North America
2012,Tier 2,Egypt,Africa
2012,Tier 2,El Salvador,North America
2012,Tier 2,Estonia,Europe
2012,Tier 2,Ethiopia,Africa
2012,Tier 2,Fiji,Oceania
2012,Tier 2,Gabon,Africa
2012,Tier 2,Ghana,Africa
2012,Tier 2,Greece,Europe
2012,Tier 2,Guatemala,North America
2012,Tier 2,Guinea,Africa
2012,Tier 2,Guyana,South America
2012,Tier 2,Honduras,North America
2012,Tier 2,Hong Kong,Asia
2012,Tier 2,Hungary,Europe
2012,Tier 2,India,Asia
2012,Tier 2,Indonesia,Asia
2012,Tier 2,Japan,Asia
2012,Tier 2,Jordan,Asia
2012,Tier 2,Kazakhstan,Asia
2012,Tier 2,Kiribati,Oceania
2012,Tier 2,Kosovo,Europe
2012,Tier 2,Kyrgyzstan,Asia
2012,Tier 2,Laos,Asia
2012,Tier 2,Latvia,Europe
2012,Tier 2,Lesotho,Africa
2012,Tier 2,Mali,Africa
2012,Tier 2,Malta,Europe
2012,Tier 2,Marshall Islands,Oceania
2012,Tier 2,Mexico,North America
2012,Tier 2,Moldova,Europe
2012,Tier 2,Mongolia,Asia
2012,Tier 2,Montenegro,Europe
2012,Tier 2,Morocco,Africa
2012,Tier 2,Mozambique,Africa
2012,Tier 2,Nepal,Asia
2012,Tier 2,Nigeria,Africa
2012,Tier 2,Oman,Asia
2012,Tier 2,Pakistan,Asia
2012,Tier 2,Palau,Oceania
2012,Tier 2,Panama,North America
2012,Tier 2,Paraguay,South America
2012,Tier 2,Peru,South America
2012,Tier 2,Philippines,Asia
2012,Tier 2,Portugal,Europe
2012,Tier 2,Qatar,Asia
2012,Tier 2,Romania,Europe
2012,Tier 2,Rwanda,Africa
2012,Tier 2,Serbia,Europe
2012,Tier 2,Singapore,Asia
2012,Tier 2,Solomon Islands,Oceania
2012,Tier 2,South Africa,Africa
2012,Tier 2,Sri Lanka,Asia
2012,Tier 2,St. Lucia,North America
2012,Tier 2,St. Vincent & The Grenadines,North America
2012,Tier 2,Swaziland,Africa
2012,Tier 2,Switzerland,Europe
2012,Tier 2,Tajikistan,Asia
2012,Tier 2,Tanzania,Africa
2012,Tier 2,Timor-Leste,Asia
2012,Tier 2,Togo,Africa
2012,Tier 2,Tonga,Oceania
2012,Tier 2,Trinidad & Tobago,North America
2012,Tier 2,Tunisia,Africa
2012,Tier 2,Turkey,Asia
2012,Tier 2,Uganda,Africa
2012,Tier 2,Ukraine,Europe
2012,Tier 2,United Arab Emirates,Asia
2012,Tier 2,Uruguay,South America
2012,Tier 2,Vietnam,Asia
2012,Tier 2,Zambia,Africa
2012,Tier 2 Watch List,Afghanistan,Asia
2012,Tier 2 Watch List,Angola,Africa
2012,Tier 2 Watch List,Azerbaijan,Asia
2012,Tier 2 Watch List,Bahrain,Asia
2012,Tier 2 Watch List,Barbados,North America
2012,Tier 2 Watch List,Belarus,Europe
2012,Tier 2 Watch List,Burma,Asia
2012,Tier 2 Watch List,Burundi,Africa
2012,Tier 2 Watch List,Chad,Africa
2012,Tier 2 Watch List,China,Asia
2012,Tier 2 Watch List,Comoros,Africa
2012,Tier 2 Watch List,"Congo, Republic of",Africa
2012,Tier 2 Watch List,Cyprus,Asia
2012,Tier 2 Watch List,Djibouti,Africa
2012,Tier 2 Watch List,Ecuador,South America
2012,Tier 2 Watch List,Guinea-Bissau,Africa
2012,Tier 2 Watch List,Haiti,North America
2012,Tier 2 Watch List,Iraq,Asia
2012,Tier 2 Watch List,Jamaica,North America
2012,Tier 2 Watch List,Kenya,Africa
2012,Tier 2 Watch List,Lebanon,Asia
2012,Tier 2 Watch List,Liberia,Africa
2012,Tier 2 Watch List,Macau,Asia
2012,Tier 2 Watch List,Malawi,Africa
2012,Tier 2 Watch List,Malaysia,Asia
2012,Tier 2 Watch List,Maldives,Asia
2012,Tier 2 Watch List,Mauritania,Africa
2012,Tier 2 Watch List,Micronesia,Oceania
2012,Tier 2 Watch List,Namibia,Africa
2012,Tier 2 Watch List,Niger,Africa
2012,Tier 2 Watch List,Russia,Europe
2012,Tier 2 Watch List,Senegal,Africa
2012,Tier 2 Watch List,Seychelles,Africa
2012,Tier 2 Watch List,Sierra Leone,Africa
2012,Tier 2 Watch List,South Sudan,Africa
2012,Tier 2 Watch List,Suriname,South America
2012,Tier 2 Watch List,Thailand,Asia
2012,Tier 2 Watch List,The Bahamas,North America
2012,Tier 2 Watch List,The Gambia,Africa
2012,Tier 2 Watch List,Turkmenistan,Asia
2012,Tier 2 Watch List,Uzbekistan,Asia
2012,Tier 2 Watch List,Venezuela,South America
2012,Tier 3,Algeria,Africa
2012,Tier 3,Central African Republic,Africa
2012,Tier 3,"Congo, Democratic Rep. of",Africa
2012,Tier 3,Cuba,North America
2012,Tier 3,Equatorial Guinea,Africa
2012,Tier 3,Eritrea,Africa
2012,Tier 3,Iran,Asia
2012,Tier 3,Kuwait,Asia
2012,Tier 3,Libya,Africa
2012,Tier 3,Madagascar,Africa
2012,Tier 3,North Korea,Asia
2012,Tier 3,Papua New Guinea,Oceania
2012,Tier 3,Saudi Arabia,Asia
2012,Tier 3,Sudan,Africa
2012,Tier 3,Syria,Asia
2012,Tier 3,Yemen,Asia
2012,Tier 3,Zimbabwe,Africa
2013,Special Case,Somalia,Africa
2013,Tier 1,Armenia,Asia
2013,Tier 1,Australia,Oceania
2013,Tier 1,Austria,Europe
2013,Tier 1,Belgium,Europe
2013,Tier 1,Canada,North America
2013,Tier 1,Colombia,South America
2013,Tier 1,Czech Republic,Europe
2013,Tier 1,Denmark,Europe
2013,Tier 1,Finland,Europe
2013,Tier 1,France,Europe
2013,Tier 1,Germany,Europe
2013,Tier 1,Iceland,Europe
2013,Tier 1,Ireland,Europe
2013,Tier 1,Israel,Asia
2013,Tier 1,Italy,Europe
2013,Tier 1,Luxembourg,Europe
2013,Tier 1,Macedonia,Europe
2013,Tier 1,Netherlands,Europe
2013,Tier 1,New Zealand,Oceania
2013,Tier 1,Nicaragua,North America
2013,Tier 1,Norway,Europe
2013,Tier 1,Poland,Europe
2013,Tier 1,Slovakia,Europe
2013,Tier 1,Slovenia,Europe
2013,Tier 1,South Korea,Asia
2013,Tier 1,Spain,Europe
2013,Tier 1,Sweden,Europe
2013,Tier 1,Taiwan,Asia
2013,Tier 1,United Kingdom,Europe
2013,Tier 1,United States of America,North America
2013,Tier 2,Antigua & Barbuda,North America
2013,Tier 2,Argentina,South America
2013,Tier 2,Aruba,North America
2013,Tier 2,Azerbaijan,Asia
2013,Tier 2,Bangladesh,Asia
2013,Tier 2,Belize,North America
2013,Tier 2,Benin,Africa
2013,Tier 2,Bhutan,Asia
2013,Tier 2,Bolivia,South America
2013,Tier 2,Bosnia & Herzegovina,Europe
2013,Tier 2,Botswana,Africa
2013,Tier 2,Brazil,South America
2013,Tier 2,Brunei,Asia
2013,Tier 2,Bulgaria,Europe
2013,Tier 2,Burkina Faso,Africa
2013,Tier 2,Cabo Verde,Africa
2013,Tier 2,Cameroon,Africa
2013,Tier 2,Chile,South America
2013,Tier 2,"Congo, Republic of",Africa
2013,Tier 2,Costa Rica,North America
2013,Tier 2,Cote d'Ivoire,Africa
2013,Tier 2,Croatia,Europe
2013,Tier 2,Curacao,North America
2013,Tier 2,Cyprus,Asia
2013,Tier 2,Dominican Republic,North America
2013,Tier 2,Ecuador,South America
2013,Tier 2,Egypt,Africa
2013,Tier 2,El Salvador,North America
2013,Tier 2,Estonia,Europe
2013,Tier 2,Ethiopia,Africa
2013,Tier 2,Fiji,Oceania
2013,Tier 2,Gabon,Africa
2013,Tier 2,Georgia,Asia
2013,Tier 2,Ghana,Africa
2013,Tier 2,Greece,Europe
2013,Tier 2,Guatemala,North America
2013,Tier 2,Hong Kong,Asia
2013,Tier 2,Hungary,Europe
2013,Tier 2,India,Asia
2013,Tier 2,Indonesia,Asia
2013,Tier 2,Iraq,Asia
2013,Tier 2,Jamaica,North America
2013,Tier 2,Japan,Asia
2013,Tier 2,Jordan,Asia
2013,Tier 2,Kazakhstan,Asia
2013,Tier 2,Kiribati,Oceania
2013,Tier 2,Kosovo,Europe
2013,Tier 2,Kyrgyzstan,Asia
2013,Tier 2,Laos,Asia
2013,Tier 2,Latvia,Europe
2013,Tier 2,Lithuania,Europe
2013,Tier 2,Macau,Asia
2013,Tier 2,Malawi,Africa
2013,Tier 2,Malta,Europe
2013,Tier 2,Mauritius,Africa
2013,Tier 2,Mexico,North America
2013,Tier 2,Moldova,Europe
2013,Tier 2,Mongolia,Asia
2013,Tier 2,Montenegro,Europe
2013,Tier 2,Mozambique,Africa
2013,Tier 2,Nepal,Asia
2013,Tier 2,Niger,Africa
2013,Tier 2,Nigeria,Africa
2013,Tier 2,Oman,Asia
2013,Tier 2,Pakistan,Asia
2013,Tier 2,Palau,Oceania
2013,Tier 2,Panama,North America
2013,Tier 2,Paraguay,South America
2013,Tier 2,Peru,South America
2013,Tier 2,Philippines,Asia
2013,Tier 2,Portugal,Europe
2013,Tier 2,Qatar,Asia
2013,Tier 2,Romania,Europe
2013,Tier 2,Senegal,Africa
2013,Tier 2,Serbia,Europe
2013,Tier 2,Sierra Leone,Africa
2013,Tier 2,Singapore,Asia
2013,Tier 2,South Africa,Africa
2013,Tier 2,St. Martin,North America
2013,Tier 2,St. Vincent & The Grenadines,North America
2013,Tier 2,Swaziland,Africa
2013,Tier 2,Switzerland,Europe
2013,Tier 2,Tajikistan,Asia
2013,Tier 2,The Bahamas,North America
2013,Tier 2,Timor-Leste,Asia
2013,Tier 2,Togo,Africa
2013,Tier 2,Tonga,Oceania
2013,Tier 2,Turkey,Asia
2013,Tier 2,Uganda,Africa
2013,Tier 2,United Arab Emirates,Asia
2013,Tier 2,Vietnam,Asia
2013,Tier 2,Zambia,Africa
2013,Tier 2 Watch List,Afghanistan,Asia
2013,Tier 2 Watch List,Albania,Europe
2013,Tier 2 Watch List,Angola,Africa
2013,Tier 2 Watch List,Bahrain,Asia
2013,Tier 2 Watch List,Barbados,North America
2013,Tier 2 Watch List,Belarus,Europe
2013,Tier 2 Watch List,Burma,Asia
2013,Tier 2 Watch List,Burundi,Africa
2013,Tier 2 Watch List,Cambodia,Asia
2013,Tier 2 Watch List,Chad,Africa
2013,Tier 2 Watch List,Comoros,Africa
2013,Tier 2 Watch List,Djibouti,Africa
2013,Tier 2 Watch List,Guinea,Africa
2013,Tier 2 Watch List,Guyana,South America
2013,Tier 2 Watch List,Haiti,North America
2013,Tier 2 Watch List,Honduras,North America
2013,Tier 2 Watch List,Kenya,Africa
2013,Tier 2 Watch List,Lebanon,Asia
2013,Tier 2 Watch List,Lesotho,Africa
2013,Tier 2 Watch List,Liberia,Africa
2013,Tier 2 Watch List,Madagascar,Africa
2013,Tier 2 Watch List,Malaysia,Asia
2013,Tier 2 Watch List,Maldives,Asia
2013,Tier 2 Watch List,Mali,Africa
2013,Tier 2 Watch List,Marshall Islands,Oceania
2013,Tier 2 Watch List,Micronesia,Oceania
2013,Tier 2 Watch List,Morocco,Africa
2013,Tier 2 Watch List,Namibia,Africa
2013,Tier 2 Watch List,Rwanda,Africa
2013,Tier 2 Watch List,Seychelles,Africa
2013,Tier 2 Watch List,Solomon Islands,Oceania
2013,Tier 2 Watch List,South Sudan,Africa
2013,Tier 2 Watch List,Sri Lanka,Asia
2013,Tier 2 Watch List,St. Lucia,North America
2013,Tier 2 Watch List,Suriname,South America
2013,Tier 2 Watch List,Tanzania,Africa
2013,Tier 2 Watch List,Thailand,Asia
2013,Tier 2 Watch List,The Gambia,Africa
2013,Tier 2 Watch List,Trinidad & Tobago,North America
2013,Tier 2 Watch List,Tunisia,Africa
2013,Tier 2 Watch List,Turkmenistan,Asia
2013,Tier 2 Watch List,Ukraine,Europe
2013,Tier 2 Watch List,Uruguay,South America
2013,Tier 2 Watch List,Venezuela,South America
2013,Tier 3,Algeria,Africa
2013,Tier 3,Central African Republic,Africa
2013,Tier 3,China,Asia
2013,Tier 3,"Congo, Democratic Rep. of",Africa
2013,Tier 3,Cuba,North America
2013,Tier 3,Equatorial Guinea,Africa
2013,Tier 3,Eritrea,Africa
2013,Tier 3,Guinea-Bissau,Africa
2013,Tier 3,Iran,Asia
2013,Tier 3,Kuwait,Asia
2013,Tier 3,Libya,Africa
2013,Tier 3,Mauritania,Africa
2013,Tier 3,North Korea,Asia
2013,Tier 3,Papua New Guinea,Oceania
2013,Tier 3,Russia,Europe
2013,Tier 3,Saudi Arabia,Asia
2013,Tier 3,Sudan,Africa
2013,Tier 3,Syria,Asia
2013,Tier 3,Uzbekistan,Asia
2013,Tier 3,Yemen,Asia
2013,Tier 3,Zimbabwe,Africa
2014,Special Case,Somalia,Africa
2014,Tier 1,Armenia,Asia
2014,Tier 1,Australia,Oceania
2014,Tier 1,Austria,Europe
2014,Tier 1,Belgium,Europe
2014,Tier 1,Canada,North America
2014,Tier 1,Chile,South America
2014,Tier 1,Czech Republic,Europe
2014,Tier 1,Denmark,Europe
2014,Tier 1,Finland,Europe
2014,Tier 1,France,Europe
2014,Tier 1,Germany,Europe
2014,Tier 1,Iceland,Europe
2014,Tier 1,Ireland,Europe
2014,Tier 1,Israel,Asia
2014,Tier 1,Italy,Europe
2014,Tier 1,Luxembourg,Europe
2014,Tier 1,Macedonia,Europe
2014,Tier 1,Netherlands,Europe
2014,Tier 1,New Zealand,Oceania
2014,Tier 1,Nicaragua,North America
2014,Tier 1,Norway,Europe
2014,Tier 1,Poland,Europe
2014,Tier 1,Slovakia,Europe
2014,Tier 1,Slovenia,Europe
2014,Tier 1,South Korea,Asia
2014,Tier 1,Spain,Europe
2014,Tier 1,Sweden,Europe
2014,Tier 1,Switzerland,Europe
2014,Tier 1,Taiwan,Asia
2014,Tier 1,United Kingdom,Europe
2014,Tier 1,United States of America,North America
2014,Tier 2,Afghanistan,Asia
2014,Tier 2,Albania,Europe
2014,Tier 2,Argentina,South America
2014,Tier 2,Aruba,North America
2014,Tier 2,Azerbaijan,Asia
2014,Tier 2,Bangladesh,Asia
2014,Tier 2,Barbados,North America
2014,Tier 2,Benin,Africa
2014,Tier 2,Bhutan,Asia
2014,Tier 2,Brazil,South America
2014,Tier 2,Brunei,Asia
2014,Tier 2,Bulgaria,Europe
2014,Tier 2,Burkina Faso,Africa
2014,Tier 2,Cabo Verde,Africa
2014,Tier 2,Cameroon,Africa
2014,Tier 2,Chad,Africa
2014,Tier 2,Colombia,South America
2014,Tier 2,"Congo, Republic of",Africa
2014,Tier 2,Costa Rica,North America
2014,Tier 2,Cote d'Ivoire,Africa
2014,Tier 2,Croatia,Europe
2014,Tier 2,Curacao,North America
2014,Tier 2,Dominican Republic,North America
2014,Tier 2,Ecuador,South America
2014,Tier 2,Egypt,Africa
2014,Tier 2,El Salvador,North America
2014,Tier 2,Estonia,Europe
2014,Tier 2,Ethiopia,Africa
2014,Tier 2,Fiji,Oceania
2014,Tier 2,Gabon,Africa
2014,Tier 2,Georgia,Asia
2014,Tier 2,Ghana,Africa
2014,Tier 2,Greece,Europe
2014,Tier 2,Guatemala,North America
2014,Tier 2,Honduras,North America
2014,Tier 2,Hong Kong,Asia
2014,Tier 2,Hungary,Europe
2014,Tier 2,India,Asia
2014,Tier 2,Indonesia,Asia
2014,Tier 2,Iraq,Asia
2014,Tier 2,Japan,Asia
2014,Tier 2,Jordan,Asia
2014,Tier 2,Kazakhstan,Asia
2014,Tier 2,Kiribati,Oceania
2014,Tier 2,Kosovo,Europe
2014,Tier 2,Kyrgyzstan,Asia
2014,Tier 2,Latvia,Europe
2014,Tier 2,Liberia,Africa
2014,Tier 2,Lithuania,Europe
2014,Tier 2,Macau,Asia
2014,Tier 2,Malawi,Africa
2014,Tier 2,Maldives,Asia
2014,Tier 2,Malta,Europe
2014,Tier 2,Mauritius,Africa
2014,Tier 2,Mexico,North America
2014,Tier 2,Micronesia,Oceania
2014,Tier 2,Moldova,Europe
2014,Tier 2,Mongolia,Asia
2014,Tier 2,Montenegro,Europe
2014,Tier 2,Mozambique,Africa
2014,Tier 2,Nepal,Asia
2014,Tier 2,Niger,Africa
2014,Tier 2,Nigeria,Africa
2014,Tier 2,Oman,Asia
2014,Tier 2,Palau,Oceania
2014,Tier 2,Paraguay,South America
2014,Tier 2,Peru,South America
2014,Tier 2,Philippines,Asia
2014,Tier 2,Portugal,Europe
2014,Tier 2,Romania,Europe
2014,Tier 2,Senegal,Africa
2014,Tier 2,Serbia,Europe
2014,Tier 2,Seychelles,Africa
2014,Tier 2,Sierra Leone,Africa
2014,Tier 2,Singapore,Asia
2014,Tier 2,South Africa,Africa
2014,Tier 2,St. Lucia,North America
2014,Tier 2,St. Martin,North America
2014,Tier 2,Swaziland,Africa
2014,Tier 2,Tajikistan,Asia
2014,Tier 2,The Bahamas,North America
2014,Tier 2,Togo,Africa
2014,Tier 2,Tonga,Oceania
2014,Tier 2,Trinidad & Tobago,North America
2014,Tier 2,Turkey,Asia
2014,Tier 2,Uganda,Africa
2014,Tier 2,United Arab Emirates,Asia
2014,Tier 2,Vietnam,Asia
2014,Tier 2,Zambia,Africa
2014,Tier 2 Watch List,Angola,Africa
2014,Tier 2 Watch List,Antigua & Barbuda,North America
2014,Tier 2 Watch List,Bahrain,Asia
2014,Tier 2 Watch List,Belarus,Europe
2014,Tier 2 Watch List,Belize,North America
2014,Tier 2 Watch List,Bolivia,South America
2014,Tier 2 Watch List,Bosnia & Herzegovina,Europe
2014,Tier 2 Watch List,Botswana,Africa
2014,Tier 2 Watch List,Burma,Asia
2014,Tier 2 Watch List,Burundi,Africa
2014,Tier 2 Watch List,Cambodia,Asia
2014,Tier 2 Watch List,China,Asia
2014,Tier 2 Watch List,Comoros,Africa
2014,Tier 2 Watch List,Cyprus,Asia
2014,Tier 2 Watch List,Djibouti,Africa
2014,Tier 2 Watch List,Guinea,Africa
2014,Tier 2 Watch List,Guyana,South America
2014,Tier 2 Watch List,Haiti,North America
2014,Tier 2 Watch List,Jamaica,North America
2014,Tier 2 Watch List,Kenya,Africa
2014,Tier 2 Watch List,Laos,Asia
2014,Tier 2 Watch List,Lebanon,Asia
2014,Tier 2 Watch List,Lesotho,Africa
2014,Tier 2 Watch List,Madagascar,Africa
2014,Tier 2 Watch List,Mali,Africa
2014,Tier 2 Watch List,Marshall Islands,Oceania
2014,Tier 2 Watch List,Morocco,Africa
2014,Tier 2 Watch List,Namibia,Africa
2014,Tier 2 Watch List,Pakistan,Asia
2014,Tier 2 Watch List,Panama,North America
2014,Tier 2 Watch List,Qatar,Asia
2014,Tier 2 Watch List,Rwanda,Africa
2014,Tier 2 Watch List,Solomon Islands,Oceania
2014,Tier 2 Watch List,South Sudan,Africa
2014,Tier 2 Watch List,Sri Lanka,Asia
2014,Tier 2 Watch List,St. Vincent & The Grenadines,North America
2014,Tier 2 Watch List,Sudan,Africa
2014,Tier 2 Watch List,Suriname,South America
2014,Tier 2 Watch List,Tanzania,Africa
2014,Tier 2 Watch List,Timor-Leste,Asia
2014,Tier 2 Watch List,Tunisia,Africa
2014,Tier 2 Watch List,Turkmenistan,Asia
2014,Tier 2 Watch List,Ukraine,Europe
2014,Tier 2 Watch List,Uruguay,South America
2014,Tier 3,Algeria,Africa
2014,Tier 3,Central African Republic,Africa
2014,Tier 3,"Congo, Democratic Rep. of",Africa
2014,Tier 3,Cuba,North America
2014,Tier 3,Equatorial Guinea,Africa
2014,Tier 3,Eritrea,Africa
2014,Tier 3,Guinea-Bissau,Africa
2014,Tier 3,Iran,Asia
2014,Tier 3,Kuwait,Asia
2014,Tier 3,Libya,Africa
2014,Tier 3,Malaysia,Asia
2014,Tier 3,Mauritania,Africa
2014,Tier 3,North Korea,Asia
2014,Tier 3,Papua New Guinea,Oceania
2014,Tier 3,Russia,Europe
2014,Tier 3,Saudi Arabia,Asia
2014,Tier 3,Syria,Asia
2014,Tier 3,Thailand,Asia
2014,Tier 3,The Gambia,Africa
2014,Tier 3,Uzbekistan,Asia
2014,Tier 3,Venezuela,South America
2014,Tier 3,Yemen,Asia
2014,Tier 3,Zimbabwe,Africa
2015,Special Case,Somalia,Africa
2015,Tier 1,Armenia,Asia
2015,Tier 1,Australia,Oceania
2015,Tier 1,Austria,Europe
2015,Tier 1,Belgium,Europe
2015,Tier 1,Canada,North America
2015,Tier 1,Chile,South America
2015,Tier 1,Czech Republic,Europe
2015,Tier 1,Denmark,Europe
2015,Tier 1,Finland,Europe
2015,Tier 1,France,Europe
2015,Tier 1,Germany,Europe
2015,Tier 1,Iceland,Europe
2015,Tier 1,Ireland,Europe
2015,Tier 1,Israel,Asia
2015,Tier 1,Italy,Europe
2015,Tier 1,Luxembourg,Europe
2015,Tier 1,Macedonia,Europe
2015,Tier 1,Netherlands,Europe
2015,Tier 1,New Zealand,Oceania
2015,Tier 1,Norway,Europe
2015,Tier 1,Poland,Europe
2015,Tier 1,Portugal,Europe
2015,Tier 1,Slovakia,Europe
2015,Tier 1,South Korea,Asia
2015,Tier 1,Spain,Europe
2015,Tier 1,Sweden,Europe
2015,Tier 1,Switzerland,Europe
2015,Tier 1,Taiwan,Asia
2015,Tier 1,The Bahamas,North America
2015,Tier 1,United Kingdom,Europe
2015,Tier 1,United States of America,North America
2015,Tier 2,Afghanistan,Asia
2015,Tier 2,Albania,Europe
2015,Tier 2,Angola,Africa
2015,Tier 2,Argentina,South America
2015,Tier 2,Aruba,North America
2015,Tier 2,Azerbaijan,Asia
2015,Tier 2,Bahrain,Asia
2015,Tier 2,Bangladesh,Asia
2015,Tier 2,Barbados,North America
2015,Tier 2,Benin,Africa
2015,Tier 2,Bhutan,Asia
2015,Tier 2,Bosnia & Herzegovina,Europe
2015,Tier 2,Brazil,South America
2015,Tier 2,Brunei,Asia
2015,Tier 2,Cabo Verde,Africa
2015,Tier 2,Cameroon,Africa
2015,Tier 2,Chad,Africa
2015,Tier 2,Colombia,South America
2015,Tier 2,Cote d'Ivoire,Africa
2015,Tier 2,Croatia,Europe
2015,Tier 2,Curacao,North America
2015,Tier 2,Cyprus,Asia
2015,Tier 2,Dominican Republic,North America
2015,Tier 2,Ecuador,South America
2015,Tier 2,El Salvador,North America
2015,Tier 2,Estonia,Europe
2015,Tier 2,Ethiopia,Africa
2015,Tier 2,Fiji,Oceania
2015,Tier 2,Georgia,Asia
2015,Tier 2,Greece,Europe
2015,Tier 2,Guatemala,North America
2015,Tier 2,Honduras,North America
2015,Tier 2,Hong Kong,Asia
2015,Tier 2,Hungary,Europe
2015,Tier 2,India,Asia
2015,Tier 2,Indonesia,Asia
2015,Tier 2,Iraq,Asia
2015,Tier 2,Japan,Asia
2015,Tier 2,Jordan,Asia
2015,Tier 2,Kazakhstan,Asia
2015,Tier 2,Kenya,Africa
2015,Tier 2,Kiribati,Oceania
2015,Tier 2,Kosovo,Europe
2015,Tier 2,Kyrgyzstan,Asia
2015,Tier 2,Latvia,Europe
2015,Tier 2,Liberia,Africa
2015,Tier 2,Lithuania,Europe
2015,Tier 2,Macau,Asia
2015,Tier 2,Madagascar,Africa
2015,Tier 2,Malawi,Africa
2015,Tier 2,Malta,Europe
2015,Tier 2,Mexico,North America
2015,Tier 2,Micronesia,Oceania
2015,Tier 2,Moldova,Europe
2015,Tier 2,Mongolia,Asia
2015,Tier 2,Montenegro,Europe
2015,Tier 2,Morocco,Africa
2015,Tier 2,Mozambique,Africa
2015,Tier 2,Nepal,Asia
2015,Tier 2,Nicaragua,North America
2015,Tier 2,Niger,Africa
2015,Tier 2,Nigeria,Africa
2015,Tier 2,Oman,Asia
2015,Tier 2,Palau,Oceania
2015,Tier 2,Panama,North America
2015,Tier 2,Paraguay,South America
2015,Tier 2,Peru,South America
2015,Tier 2,Philippines,Asia
2015,Tier 2,Romania,Europe
2015,Tier 2,Rwanda,Africa
2015,Tier 2,Senegal,Africa
2015,Tier 2,Serbia,Europe
2015,Tier 2,Seychelles,Africa
2015,Tier 2,Sierra Leone,Africa
2015,Tier 2,Singapore,Asia
2015,Tier 2,Slovenia,Europe
2015,Tier 2,South Africa,Africa
2015,Tier 2,St. Lucia,North America
2015,Tier 2,St. Martin,North America
2015,Tier 2,Swaziland,Africa
2015,Tier 2,Tajikistan,Asia
2015,Tier 2,Togo,Africa
2015,Tier 2,Tonga,Oceania
2015,Tier 2,Turkey,Asia
2015,Tier 2,Uganda,Africa
2015,Tier 2,United Arab Emirates,Asia
2015,Tier 2,Uruguay,South America
2015,Tier 2,Vietnam,Asia
2015,Tier 2,Zambia,Africa
2015,Tier 2 Watch List,Antigua & Barbuda,North America
2015,Tier 2 Watch List,Bolivia,South America
2015,Tier 2 Watch List,Botswana,Africa
2015,Tier 2 Watch List,Bulgaria,Europe
2015,Tier 2 Watch List,Burkina Faso,Africa
2015,Tier 2 Watch List,Burma,Asia
2015,Tier 2 Watch List,Cambodia,Asia
2015,Tier 2 Watch List,China,Asia
2015,Tier 2 Watch List,"Congo, Democratic Rep. of",Africa
2015,Tier 2 Watch List,"Congo, Republic of",Africa
2015,Tier 2 Watch List,Costa Rica,North America
2015,Tier 2 Watch List,Cuba,North America
2015,Tier 2 Watch List,Djibouti,Africa
2015,Tier 2 Watch List,Egypt,Africa
2015,Tier 2 Watch List,Gabon,Africa
2015,Tier 2 Watch List,Ghana,Africa
2015,Tier 2 Watch List,Guinea,Africa
2015,Tier 2 Watch List,Guyana,South America
2015,Tier 2 Watch List,Haiti,North America
2015,Tier 2 Watch List,Jamaica,North America
2015,Tier 2 Watch List,Laos,Asia
2015,Tier 2 Watch List,Lebanon,Asia
2015,Tier 2 Watch List,Lesotho,Africa
2015,Tier 2 Watch List,Malaysia,Asia
2015,Tier 2 Watch List,Maldives,Asia
2015,Tier 2 Watch List,Mali,Africa
2015,Tier 2 Watch List,Mauritius,Africa
2015,Tier 2 Watch List,Namibia,Africa
2015,Tier 2 Watch List,Pakistan,Asia
2015,Tier 2 Watch List,Papua New Guinea,Oceania
2015,Tier 2 Watch List,Qatar,Asia
2015,Tier 2 Watch List,Saudi Arabia,Asia
2015,Tier 2 Watch List,Solomon Islands,Oceania
2015,Tier 2 Watch List,Sri Lanka,Asia
2015,Tier 2 Watch List,St. Vincent & The Grenadines,North America
2015,Tier 2 Watch List,Sudan,Africa
2015,Tier 2 Watch List,Suriname,South America
2015,Tier 2 Watch List,Tanzania,Africa
2015,Tier 2 Watch List,Timor-Leste,Asia
2015,Tier 2 Watch List,Trinidad & Tobago,North America
2015,Tier 2 Watch List,Tunisia,Africa
2015,Tier 2 Watch List,Turkmenistan,Asia
2015,Tier 2 Watch List,Ukraine,Europe
2015,Tier 2 Watch List,Uzbekistan,Asia
2015,Tier 3,Algeria,Africa
2015,Tier 3,Belarus,Europe
2015,Tier 3,Belize,North America
2015,Tier 3,Burundi,Africa
2015,Tier 3,Central African Republic,Africa
2015,Tier 3,Comoros,Africa
2015,Tier 3,Equatorial Guinea,Africa
2015,Tier 3,Eritrea,Africa
2015,Tier 3,Guinea-Bissau,Africa
2015,Tier 3,Iran,Asia
2015,Tier 3,Kuwait,Asia
2015,Tier 3,Libya,Africa
2015,Tier 3,Marshall Islands,Oceania
2015,Tier 3,Mauritania,Africa
2015,Tier 3,North Korea,Asia
2015,Tier 3,Russia,Europe
2015,Tier 3,South Sudan,Africa
2015,Tier 3,Syria,Asia
2015,Tier 3,Thailand,Asia
2015,Tier 3,The Gambia,Africa
2015,Tier 3,Venezuela,South America
2015,Tier 3,Yemen,Asia
2015,Tier 3,Zimbabwe,Africa
